publish_date,headline_text
20030219,aba decides against community broadcasting licence
20030219,act fire witnesses must be aware of defamation
20030219,a g calls for infrastructure protection summit
20030219,air nz staff in aust strike for pay rise
20030219,air nz strike to affect australian travellers
20030219,ambitious olsson wins triple jump
20030219,antic delighted with record breaking barca
20030219,aussie qualifier stosur wastes four memphis match
20030219,aust addresses un security council over iraq
20030219,australia is locked into war timetable opp
20030219,australia to contribute 10 million in aid to iraq
20030219,barca take record as robson celebrates birthday in
20030219,bathhouse plans move ahead
20030219,big hopes for launceston cycling championship
20030219,big plan to boost paroo water supplies
20030219,blizzard buries united states in bills
20030219,brigadier dismisses reports troops harassed in
20030219,british combat troops arriving daily in kuwait
20030219,bryant leads lakers to double overtime win
20030219,bushfire victims urged to see centrelink
20030219,businesses should prepare for terrorist attacks
20030219,calleri avenges final defeat to eliminate massu
20030219,call for ethanol blend fuel to go ahead
20030219,carews freak goal leaves roma in ruins
20030219,cemeteries miss out on funds
20030219,code of conduct toughens organ donation regulations
20030219,commonwealth bank cuts fixed home loan rates
20030219,community urged to help homeless youth
20030219,council chief executive fails to secure position
20030219,councillor to contest wollongong as independent
20030219,council moves to protect tas heritage garden
20030219,council welcomes ambulance levy decision
20030219,council welcomes insurance breakthrough
20030219,crean tells alp leadership critics to shut up
20030219,dargo fire threat expected to rise
20030219,death toll continues to climb in south korean subway
20030219,dems hold plebiscite over iraqi conflict
20030219,dent downs philippoussis in tie break thriller
20030219,de villiers to learn fate on march 5
20030219,digital tv will become commonplace summit
20030219,direct anger at govt not soldiers crean urges
20030219,dispute over at smithton vegetable processing plant
20030219,dog mauls 18 month old toddler in nsw
20030219,dying korean subway passengers phoned for help
20030219,england change three for wales match
20030219,epa still trying to recover chemical clean up costs
20030219,expressions of interest sought to build livestock
20030219,fed opp to re introduce national insurance
20030219,firefighters contain acid spill
20030219,four injured in head on highway crash
20030219,freedom records net profit for third successive
20030219,funds allocated for domestic violence victims
20030219,funds allocated for youth at risk
20030219,funds announced for bridge work
20030219,funds to go to cadell upgrade
20030219,funds to help restore cossack
20030219,german court to give verdict on sept 11 accused
20030219,gilchrist backs rest policy
20030219,girl injured in head on highway crash
20030219,gold coast to hear about bilby project
20030219,golf club feeling smoking ban impact
20030219,govt is to blame for ethanols unpopularity opp
20030219,greens offer police station alternative
20030219,griffiths under fire over project knock back
20030219,group to meet in north west wa over rock art
20030219,hacker gains access to eight million credit cards
20030219,hanson is grossly naive over nsw issues costa
20030219,hanson should go back where she came from nsw mp
20030219,harrington raring to go after break
20030219,health minister backs organ and tissue storage
20030219,heavy metal deposits survey nearing end
20030219,injured rios pulls out of buenos aires open
20030219,inquest finds mans death accidental
20030219,investigations underway into death toll of korean
20030219,investigation underway into elster creek spill
20030219,iraqs neighbours plead for continued un inspections
20030219,iraq to pay for own rebuilding white house
20030219,irish man arrested over omagh bombing
20030219,irrigators vote over river management
20030219,israeli forces push into gaza strip
20030219,jury to consider verdict in murder case
20030219,juvenile sex offenders unlikely to reoffend as
20030219,kelly disgusted at alleged bp ethanol scare
20030219,kelly not surprised ethanol confidence low
20030219,korean subway fire 314 still missing
20030219,last minute call hands alinghi big lead
20030219,low demand forces air service cuts
20030219,man arrested after central qld hijack attempt
20030219,man charged over cooma murder
20030219,man fined after aboriginal tent embassy raid
20030219,man jailed over keno fraud
20030219,man with knife hijacks light plane
20030219,martin to lobby against losing nt seat in fed
20030219,massive drug crop discovered in western nsw
20030219,mayor warns landfill protesters
20030219,meeting to consider tick clearance costs
20030219,meeting to focus on broken hill water woes
20030219,moderate lift in wages growth
20030219,more than 40 pc of young men drink alcohol at
20030219,more water restrictions predicted for northern tas
20030219,more women urged to become councillors
20030219,most highly educated live in nsw wa
20030219,mp raises hospital concerns in parliament
20030219,mp rejects ambulance levy claims
20030219,mugabe to touch down in paris for summit
20030219,national gallery gets all clear after
20030219,nato gives green light to defend turkey
20030219,nca defends aboriginal tent embassy raid
20030219,new zealand imposes visa entry for zimbabwe
20030219,no side effects for new whooping cough vaccine
20030219,nsw govt under fire for holding back vegetation
20030219,nsw opp defends claims of running race campaign
20030219,nsw opp pledges 50m drought relief
20030219,nt govt boosts nurse number with overseas intake
20030219,nth koreans seek asylum at japanese embassy
20030219,nursing student intake down
20030219,oh brother your times up says ganguly senior
20030219,omodei to stay in politics
20030219,onesteel to invest 80m in whyalla steelworks
20030219,opposition urged to help protect recherche bay
20030219,orientation begins for uni students
20030219,osullivan in world cross country doubt
20030219,pagan says rule changes not necessary
20030219,pair to face court over ayr murder
20030219,patterson defends decision not to attend health
20030219,patterson no show displays govts arrogance crean
20030219,patterson snubs health meeting to avoid lions den
20030219,peace agreement may bring respite for venezuela
20030219,pienaar shines as ajax frustrate arsenal
20030219,plan for second skatepark
20030219,plan to encourage farmers into plantation timber
20030219,png nurses strike after colleague raped on way to
20030219,police cracking down on driver safety
20030219,police defend aboriginal tent embassy raid
20030219,policewomen accusations feature at federal crime
20030219,probe launched into plane crash
20030219,program to monitor forest harvested areas
20030219,public urged to check gas cylinders
20030219,public warned about phone scam
20030219,qantas international crews to strike over pay
20030219,qantas war plan to cut 2500 jobs outrages unions
20030219,qr not planning northern route sackings
20030219,questions public anger grows after korean subway
20030219,rabbit control program on trial
20030219,radioactive spill at wmcs olympic dam mine
20030219,rain eases wheatbelt water woes
20030219,reading go third in first division
20030219,record amount for gladstone ventures
20030219,refshauge wins defamation court case
20030219,regulator to inspect gm canola trials
20030219,report highlights container terminal potential
20030219,resource stocks boost all ords
20030219,restraint order issued against anti discrimination
20030219,rfs rejects claim that act authorities spurned
20030219,ricciuto undergoes surgery on injured ankle
20030219,rice mill closures to put 300 out of work
20030219,rsl angry about reports of troop harassment
20030219,safety review begins after bushwalker death
20030219,sa premier calls for action over river murray
20030219,saudi arabians to stand trial over al qaeda
20030219,saudi arabia tells arabs war on iraq inevitable
20030219,search continues for victims in south korean subway
20030219,second resolution on iraq expected shortly un
20030219,shire offers assurances over finances
20030219,six palestinians killed in gaza incursion
20030219,slow recovery predicted for aust economy
20030219,smoking bans hit tabcorp bottom line
20030219,snowtown murder trial delayed
20030219,states may be forced to label ethanol fuel
20030219,stations to get fixed home phone service
20030219,sterrey to steer sharks
20030219,still no sign of missing fisherman
20030219,stop changing the rules fans tell afl
20030219,sugar industry plan to be revealed
20030219,surge in new car sales in aust abs
20030219,swiss challengers looking to future
20030219,taipans placing future in publics hands
20030219,talk of asian nuclear arms race unhelpful downer
20030219,tasmanian scientists to search for east coast
20030219,taylor denies calling on waugh to quit
20030219,teen to face court over drug charges
20030219,testing shows dioxin above drinking water standards
20030219,thousands remember 61st anniversary of darwin
20030219,unions to ask members to support public protests
20030219,uni to continue tree disease study
20030219,us british aircraft attack sth iraq target
20030219,vff to buy stock feed pellets for fire affected
20030219,vic local councils welcome single polling day
20030219,victorian scientists honoured at awards
20030219,vowles to retire at end of season
20030219,wales coach accuses players of belittling red
20030219,warne hearing set for friday
20030219,webb favourite for ladies masters
20030219,widnes abandon paul bid
20030219,wildlife sanctuaries plan revealed
20030219,williams says tight bowling key to warriors win
20030219,wine chief bounces back from sacking
20030219,worksafe probes potato harvester injuries
20030220,15 dead in rebel bombing raid philippines army
20030220,abattoir up for sale again
20030220,academic upbeat about higher education review
20030220,administrator to be appointed to land council
20030220,aec to declare if nt to lose parliamentary seat
20030220,amcor records solid profit result
20030220,americas cup fourth race cancelled
20030220,arsenal poised to swoop on beckham report
20030220,aust drinking less alcohol smoking less study
20030220,austeel eis release due soon nsw govt
20030220,australian flag celebrates 100th birthday
20030220,awu to hold meeting over port kembla jobs
20030220,baby badly burnt in brisbane house fire
20030220,bad weather might have caused iranian plane crash
20030220,beckham leads as man u cut down depleted juve
20030220,beware the standard alcoholic drink
20030220,bilby dream to become reality
20030220,brisbane sparkies head for 10 day strike
20030220,britain tells nationals to leave iraq kuwait
20030220,british high court overturns new blair asylum
20030220,british magician to entomb himself in cheese
20030220,bungle leaves doctor waiting to practise
20030220,bushfire coronial inquiry winds up
20030220,bush thanks nato for support on turkey
20030220,call for ambos help in wake of funding changes
20030220,canegrowers hope for late summer rain
20030220,capriati hungry again in dubai
20030220,celts underdogs for uefa clash oneill
20030220,chambers vows to smash world mark
20030220,charvis pays penalty as humphreys earns shock
20030220,christmas is detention centre no go claims quashed
20030220,claim defence spending priority over health nt
20030220,claim education policy causing high indigenous
20030220,claim new code should protect autopsy consent
20030220,claim tas education policy causing high indigenous
20030220,college to continue work experience
20030220,concern act fire probe not covered by legal
20030220,concorde makes emergency landing in canada
20030220,coronial inquiry expected after hospital death
20030220,council chief laments job advertising decision
20030220,council general manager to step down
20030220,council to offer vandalism reporting reward
20030220,country racing clubs still hold tab fears
20030220,court to rule on longford gas compo today
20030220,cristal end eight match libertadores losing streak
20030220,cuper slams inter bad boy recoba
20030220,deportivo slip against buoyant swiss minnows basel
20030220,distance swimmer maroney calls it quits
20030220,dixon dismisses qantas monopoly claim
20030220,downer warns iraq action could begin soon
20030220,drought breaking rain may be months away
20030220,drought impact may be more far reaching
20030220,drought taking toll on insects
20030220,early childhood development to receive research
20030220,ellis webb well placed in ladies masters
20030220,employee granted restraining order against a d
20030220,england almost choke on burger king
20030220,england call up morris for first cap
20030220,epa to investigate radioactive spill in sa
20030220,esso not responsible for economic losses from gas
20030220,esso wins against class action for longford gas
20030220,etienne agrees to tyson fight
20030220,families confront korean president elect over
20030220,fans join flower olonga in anti mugabe protest
20030220,ferguson hails beckham in uniteds victory
20030220,fewer australians being jailed abs
20030220,fifa boss prepared to postpone matches for war
20030220,firefighters told to not attend tip blazes
20030220,fish cleaning facility plans announced
20030220,flight attendant action wont affect bundaberg
20030220,forest alliance rejects hindrance claims
20030220,former bank worker pleads guilty to theft charges
20030220,former treasurer charged with starting fire on sa
20030220,forum puts focus on regional needs
20030220,four nominate for nats charters towers preselection
20030220,france drop merceron gelez to face scots
20030220,french expedition site to be heritage protected
20030220,fuel price jumps in newcastle
20030220,fulham smash west brom with quickfire trio
20030220,ganguly leads india to victory
20030220,gartner wines to be wound up
20030220,gippsland firefighters remain on guard
20030220,govt canvassing ways to improve child development
20030220,govt to work with rhh after coroners suicide report
20030220,greenpeace calls for ban on gm canola
20030220,greens dump anti terror kits on howards doorstep
20030220,group airs truancy concerns
20030220,groups praise outgoing opposition agriculture
20030220,group to take over reef hq building
20030220,hagan to blood rookies against penrith
20030220,houllier backs owen to break rush scoring record
20030220,howard steps up criticism of anti war protesters
20030220,howard vows to stay on as pm until iraq crisis
20030220,hussein says iraq doesnt want war with us
20030220,illegal fishing hot spots identified
20030220,immigration raid in melbourne draws flak
20030220,impatience grows over water management plan
20030220,indy meeting likely to include rain racing talks
20030220,injuries threaten united finals bid
20030220,interest sought in building stage one of bypass
20030220,investigations underway into qantas skid
20030220,investor in planned ethanol plant laments trial
20030220,iran military plane crash kills 302
20030220,iran plane crashes with at least 250 aboard tv
20030220,iraqi use of human shields a war crime us
20030220,italy remain unchanged for ireland clash
20030220,kalgoorlie boulder crime rate declines
20030220,kayakers rescued after second day of adventure
20030220,kirwan sticks with winning formula for ireland
20030220,korean books atp date with top seed roddick
20030220,landholder contribution still under discussion
20030220,lawyers allowed to visit manus is detention centre
20030220,lawyers set to appeal mans sept 11 conviction
20030220,lawyers to review case before any esso appeal
20030220,lend leases posts 370 million loss
20030220,lethal backs nine point rule change
20030220,m5 airport tunnel remains closed after accident
20030220,macarthurs kingfisher suffers minor damage
20030220,man apologises for plane hijack
20030220,man awaits sentencing over denmark murder
20030220,man being questioned over qld backpacker death
20030220,man charged over roxby downs plane incident
20030220,man in hospital after stabbing attack
20030220,man loses defamation compo bid
20030220,man on murder charge refused bail
20030220,man to face court over alleged hijack
20030220,man to face court over attempted armed robbery
20030220,man who whacked thatcher gets 3 months jail
20030220,maroney calls it quits
20030220,medal recognises islander war efforts
20030220,meetings to consider glenelg river future
20030220,melbourne man receives massive compo payout after
20030220,mgladbach leave danger zone with home win
20030220,mine rating challenge result expected in march
20030220,miner exploring for nickel deposits
20030220,molotov cocktail suspected in melb hotel fire
20030220,more anti war rallies planned
20030220,more land for noosa national park
20030220,more teachers are at danger from students union
20030220,more than 60 detained after immigration raid
20030220,more women unlikely to join mens pga masters
20030220,mosley ready for engine compromise
20030220,motorists will avoid ethanol blended fuels labor
20030220,mud crab business on the move
20030220,murray meeting wouldnt detract from ministerial
20030220,nats seek probe bushfires probe
20030220,new boat takes to waterways
20030220,new zealand to discover kenya fate on thursday
20030220,no funding discussion until after nsw poll
20030220,no penalties for church over damaged monument
20030220,nsw coalition making magic pudding election
20030220,nt govt announces community benefit grants
20030220,offers roll in for classic holden
20030220,oil prices hit new high
20030220,oldfield to front court over one nation pre
20030220,one nation pre selection hearing continues in nsw
20030220,packer hands in licence as pistol investigation
20030220,pakistani air force chief killed in air crash
20030220,palaszczuk wont make disaster funds promise
20030220,parks move to protect high conservation areas
20030220,peace group denies members harassing soldiers
20030220,people trapped after m5 pile up
20030220,pilot makes emergency landing at adelaide airport
20030220,players continue zimbabwe protest
20030220,pm criticism of protesters disgraceful crean
20030220,pm defends criticism of anti war protesters
20030220,police continue probe into human remains find
20030220,police find second cannabis crop
20030220,police hope to gain an edge on weapons users
20030220,police locate missing family of 6 after house
20030220,police make arrests after drug raids
20030220,police seek help over pay tv piracy
20030220,police tax office to fight chop chop trade
20030220,police wont rule out link between drug plantations
20030220,politicians breeding publics anti troop sentiment
20030220,pollock denies split in proteas camp
20030220,population drift forces new federal boundaries
20030220,powell to visit asia in bid to ease nth korean
20030220,predictions of good wheatbelt rain
20030220,probe launched into fatal police pursuit
20030220,protesters condemn howard criticism of anti war
20030220,protocols were followed in immigration raids
20030220,public warned about snake handling dangers
20030220,pumping continues at richmond after flooding
20030220,qantas draws flak over redundancy talk
20030220,qantas flags job cuts despite record profit
20030220,qantas records 353 million profit
20030220,qfvg upset over retail prices
20030220,qld govt says new hospital on schedule
20030220,qld nats close to deal with libs springborg
20030220,racing club sneak a point in peru
20030220,rain boosts farmers confidence
20030220,rain may force aussie bowling change buchanan
20030220,ram raid targets newsagency
20030220,road funds to tackle flooding
20030220,ronaldo puts real back in the race
20030220,ruiz hat trick as guatemala rout nicaragua
20030220,saff to gauge feelings on planned crown lands bill
20030220,safin escude on rotterdam comeback trail
20030220,sa govt defends moves to force fine defaulters to
20030220,sa govt to appeal against fishing decision
20030220,schmeichel set to miss arsenal trip
20030220,school to reopen after paint fume scare
20030220,scotland refuse to panic
20030220,seaman injury crisis for arsenal
20030220,self cloning crayfish threatens native species
20030220,socceroos creep up world rankings
20030220,solar cars to turn heads
20030220,sporting task force planning begins
20030220,start of americas cup race four delayed
20030220,stone to stay on as federal liberal president
20030220,sun needed for good downpour
20030220,taipans win keeps play off dreams alive
20030220,tas police to question injured man about house fire
20030220,taxi driver to face sex trial
20030220,tension increases after fighter strays into sth
20030220,terror weapons pose minimal risk british expert
20030220,thousands to visit dairy field days
20030220,three israelis injured as hamas made rockets hit
20030220,tnz shuffles pack as defeat looms
20030220,tomasson gives milan narrow win over lokomotiv
20030220,tough times ahead for water allocations
20030220,tourism industry must be protected from iraq
20030220,trial hears woman denied killing fiance
20030220,triathletes back bris to gold coast bikeway
20030220,truck roll destroys furniture
20030220,turkey stands firm against us aid offer
20030220,turkey still undecided over us aid for gulf attack
20030220,union disunity over mccains enterprise agreement
20030220,un security council ends two day open debate on
20030220,us invited to talks with burmese military junta
20030220,us launches homeland security ready campaign
20030220,us markets remain jittery in shadow of war
20030220,us tells turkey time running out for aid offer
20030220,us to take no wto action against europe over ge
20030220,uzbek journalist sentenced to seven years in jail
20030220,verstappen pleased with new minardis track debut
20030220,vic govt speaks out over rice mill closure claims
20030220,wa fire crews battle bushfire at marangaroo
20030220,war talk takes toll on all ords
20030220,war with iraq could cost 120 billion economists
20030220,watkins jeered at education forum
20030220,wa wine destined for us
20030220,western power reveals power supply bid details
20030220,wide bay economy growing stronger
20030220,wine exporters urged to push ahead
20030220,winemakers move considered loss for tas industry
20030220,woman faces court over child prostitution
20030220,yacht loses mast in trawler incident
20030220,zimbabwe bars british reporter from world cup
20030221,accc too timid in petrol price investigations
20030221,action wanted to lower indigenous unemployment rate
20030221,aec ruling to scrap federal seat hurts us the most
20030221,aek shut out malaga to claim goalless draw
20030221,allan guilty on cash charges
20030221,allan unlikely to appeal fine
20030221,ama airs hospital reform concerns
20030221,ama delivers health concerns list to politicians
20030221,andersson atwal miss record in malaysia
20030221,antarctic rocks could aid global warming
20030221,anz confident of growth in tough environment
20030221,anz to pay more than 260 million to tax office
20030221,arab states press for war crimes condemnation of
20030221,at least 26 dead in us club fire
20030221,at least 42 injured in rhode island nightclub fire
20030221,aussie dollar continues its climb
20030221,aust could be in top four al qaeda target list
20030221,australia to withdraw bougainville peace monitors
20030221,aust share market ends week in negative territory
20030221,bartlett vows to block govt plans for sa nuclear
20030221,beattie unaware of tree clearing funds hold up
20030221,bedi labels murali a chucker
20030221,belgian police recover stolen works
20030221,bhp port kembla production restarts
20030221,big guns back to business in the premier league
20030221,blake paradorn upset in memphis
20030221,bracks backs ruling on deans 50000 a year pension
20030221,british govt clashes with high court over asylum
20030221,british pop awards will be platform for iraq
20030221,briton stabbed to death in bangkok
20030221,brothel owner acquitted of hiring underage
20030221,brothel owner fronts court after allegedly hiring
20030221,burmas suu kyi sentenced to one day jail fined
20030221,bushfires burn over 1m hectares
20030221,cairns canberra grab nbl wins
20030221,cairns injured in kiwi nightclub brawl
20030221,cairns injured in nightclub brawl report
20030221,call to scrap national plantation target
20030221,candleholders recalled as fire risk
20030221,carr off the hook over brogden debate pm
20030221,celts sink 10 man stuttgart
20030221,central qld park area expanded
20030221,centrelink to offer drought counselling
20030221,china to wage chemical war on chewing gum blobs
20030221,chirac mugabe talk on sidelines of africa summit
20030221,christmas island residents not aware of detention
20030221,claim low oil inventory causing high petrol prices
20030221,claims live sheep cattle exports threatening tas
20030221,claims more rain will boost stock prices
20030221,class action may cost esso 50m
20030221,clinton cancels trip to india
20030221,coalition promises to scrap anglers fee
20030221,committal continues into goulburn jail riot
20030221,costello unhappy he wasnt consulted by stone
20030221,council approves poultry farm
20030221,council awaits more rain
20030221,council considers indigenous caravan park plan
20030221,council elections planned for may
20030221,council rejects combined field days stand idea
20030221,council to change tree protection by law
20030221,council to fund groundwater study
20030221,counsel begin summing up at warnes doping hearing
20030221,criminal charges pending in south korea subway probe
20030221,crocs prove too good for bullets
20030221,date set for bushfires coronial inquiry
20030221,dean to receive lifetime parliamentary pension
20030221,death spells end to record marriage
20030221,demons thump tigers
20030221,deportivo cali outclass sulky river plate
20030221,deschamps chases old flame marseille
20030221,disaster funds to allow shire to complete other
20030221,dortmund ready to hound bayern
20030221,downpour closes tourist roads
20030221,drought impacting on roadworks
20030221,drought predicted to have long lasting impact
20030221,education dept considers rural concerns
20030221,family court rejects bid to invalidate transsexual
20030221,farmers celebrate good rain
20030221,fears patterson hiding bad news tas health minister
20030221,federal funds sought for wave studies
20030221,fed govt considering appeal over transsexual
20030221,firefighters win battle to contain beechford blaze
20030221,fishers to meet minister over court ruling
20030221,fishing group seeks action over pilchard imports
20030221,flight attendants action likely to affect
20030221,footy great gets behind indigenous rights campaign
20030221,former socceroos coach thomson dies
20030221,funeral held for cricket legend
20030221,funk leads elkington in california
20030221,gebrselassie plans world record comeback
20030221,g g to witness church bell hand over
20030221,gold coast gets us tourism assurances
20030221,group concerned rain brings wrong impression
20030221,group gets clearer understanding of farmers gm
20030221,guga reaches buenos aires quarters
20030221,health service speaks out over patient death
20030221,hoddle st murderer granted right to seek judicial
20030221,horse ride to re enact mt isa mine find
20030221,howard repeats zimbabwe boycott call
20030221,hundreds of triathletes to head for coffs
20030221,hungarian thief makes amends by posts
20030221,hyypia the hero as liverpool bounce back
20030221,iaea to visit iran to assess nuclear program
20030221,indian jailed for smuggling pakistani in suitcase
20030221,indian players to retrace gandhi journey
20030221,indonesia says australia travel warnings
20030221,industrial action to impact on brisbane schools
20030221,investigation underway into m5 pile up
20030221,investigator probes sa hospital staff complaints
20030221,jackson hits back at explosive british tv interview
20030221,japanese tourist drowns in gold coast surf
20030221,joblink issues statement over sacking
20030221,keegan aiming to bring arsenal down to earth
20030221,kenya awarded points for kiwi call off
20030221,kylie minogues posterior is hit of the brits
20030221,land council dismissed administrator appointed
20030221,langer named one day player of year
20030221,liverpool win but lazio held by krakow
20030221,llewellyn not impressed by patterson so show
20030221,longreach water restrictions to remain
20030221,loose cannon afridi set for pakistan against
20030221,lovenkrands dreaming of hampden return
20030221,low water sparks boat ban for lake albert
20030221,male dna found on body of murdered schoolgirl
20030221,man accused of selling bali bomb chemicals goes on
20030221,man appears in court charged with stuttle murder
20030221,man charged with stuttle murder
20030221,man fails to overturn conviction over 1600yo bell
20030221,man in hospital after receiving severe electric
20030221,man in hospital after stabbing
20030221,man jailed for fatally stabbing ex de facto
20030221,man jailed for life over axe murder
20030221,man to be re questioned over stuttle murder
20030221,man to face court over fatal hit and run
20030221,man u agreed deal with eriksson ferguson
20030221,man who threatened melbourne water supply bailed
20030221,map highlights potential river salinity problems
20030221,mayor angry over mural vandalism
20030221,mining giant calls for funding boost for native
20030221,montgomery enters us indoor nationals
20030221,more rain may delay tougher water restrictions
20030221,more us troops to help hunt abu sayyaf rebels
20030221,mp wants tank battalion rumours investigated
20030221,mp welcomes police station announcement
20030221,nardell mine closes as receiver appointed
20030221,nauru appeals for help to keep nations airline
20030221,new battle of britain looming in uefa cup
20030221,newcastle city notch wins stallions draw with south
20030221,new commercial mud crabbing restrictions planned
20030221,new disability respite service
20030221,n korea ducks nuclear talk at nam summit
20030221,n korea warns it wont beg for peace
20030221,no cost blowouts forecast for water treatment plan
20030221,nsw coroner clears docs over death of toddler
20030221,nsw graziers record heavy rainfall
20030221,nsw opps drug free prison plan not new amery
20030221,nursing home worker suspended
20030221,olonga sacked by his club
20030221,one million tickets sold for rugby world cup
20030221,otago open super 12 with a win
20030221,owners hesitant over northerlys overseas jaunt
20030221,pair face court over machete attack
20030221,palestinian killed at gaza strip crossing point
20030221,patterson irresponsible with no show edmond
20030221,patterson no show childish wa minister
20030221,patterson says health meeting a waste of time
20030221,petrol prices on the rise
20030221,petrol will hit 120 if war breaks out ssa
20030221,plan may include puckapunyal roo cull
20030221,planning for intersection revamp begins
20030221,pm accuses european countries of encouraging saddam
20030221,pm defends protest comments
20030221,pm has no choice but to stay on through iraq
20030221,pm praises costello over leadership patience
20030221,png governor general urges election unity
20030221,police charge man over stabbing
20030221,police continue investigating cannabis crops
20030221,police stations face uncertainty
20030221,powell calls on un to uphold responsibilities over
20030221,push likely to seek more aged care workers
20030221,push to extend fraser is world heritage listing
20030221,qantas plane makes emergency landing
20030221,qantas says it has no info as prime terrorist
20030221,qantas urged to update security in shadow of
20030221,qld govt rejects land acquisition claims
20030221,racv not surprised by petrol rationing talk
20030221,rail firm to assess workers needs
20030221,rain brings stock losses
20030221,rain causes chaos on melbourne roads
20030221,rain expected to continue across act
20030221,rainfall likely to clear on weekend
20030221,rain in nsw a welcome relief but drought not over
20030221,rain not enough to be drought breaking
20030221,rain offers water supply boost
20030221,rejuvenated tyson cured by cash injection
20030221,residents get fire assurances
20030221,retail sector airs trading hours review concerns
20030221,romario jeered teams brawl as fluminense held
20030221,round the world in no forget it
20030221,ruddock commends australias traveller controls
20030221,salinity experts map water catchments
20030221,sa nt to lose seats in federal parliament
20030221,sas soldier charged with misconduct while in e
20030221,schumacher seeks more speed from less noise
20030221,seaman set for ajax match
20030221,search for better life pays off
20030221,second us nightclub fire kills 10
20030221,senators offer input into coast issues
20030221,several dead in fire at rhode island nightclub
20030221,shire says planning policy not compromised
20030221,slapping paedophile to have arm amputated
20030221,state territory health ministers arrive for meeting
20030221,stolen wage report looks to improve indigenous
20030221,strike expected to mean milk shortages
20030221,strike may disrupt nsw milk supply
20030221,study considers alternative crops for sugar regions
20030221,study to probe snowy motorcycle crashes
20030221,teachers shortage set to get worse report
20030221,team mates send best wishes to warne
20030221,telstra chief embarrassed with 1 billion writedown
20030221,telstra punished after massive hong kong write down
20030221,telstra still hurting from hk joint venture
20030221,thieves target esperance cars
20030221,timor sea treaty will be ratfied shortly martin
20030221,troubled torino praying for a miracle
20030221,tuckey laments gungahlin drive planning problems
20030221,turkey delays vote on us troops
20030221,turkey digs heels in us lobbies for support for
20030221,turkey forces us to weigh up strategies
20030221,union condemns qantass contract labour plan
20030221,us asks indonesia to improve human rights record
20030221,us boost troop numbers in philippines
20030221,us chiropractor to address gold coast gathering
20030221,us intelligence analyst found guilty of spying
20030221,usq researchers prepare for move
20030221,valencia sense victory in benitez vs benitez
20030221,vic govt gets farmers drought update
20030221,victorian farmers hope rain will break drought
20030221,victoria welcomes rain relief
20030221,vinnicombe rejects mps freeway claims
20030221,waratahs go down in super 12 opener
20030221,war impact on exercise unknown
20030221,warne decision to be made saturday
20030221,warne dope hearing underway
20030221,williams and mclaren plan to take fia to court
20030221,wine and avocados drive mutton and wool off nz
20030221,wisla hold lazio in six goal thriller
20030221,woodgate told to stay away from elland road
20030221,workers return to work on burrup
20030221,youth group unhappy with appeal for carers
20030222,86 confirmed dead after us nightclub fire
20030222,act tourist attractions honoured at awards night
20030222,adelaide break port hearts
20030222,al qaeda members jailed for us uk terrorist plots
20030222,arafats number two outlines proposed ceasefire
20030222,athens risks turning into games disaster ioc
20030222,australia urged to abandon zimbabwe world cup match
20030222,black day for black caps
20030222,blix orders destruction of iraqi missiles
20030222,botched operation leaves teenager with brain damage
20030222,brockovich takes new cancer crusade to court
20030222,brogden accuses carr of fudging ambulance figures
20030222,brumbies pip reds at ballymore
20030222,cairns will play despite brawl
20030222,call for australian human rights act
20030222,canberra capitals win 2003 championship
20030222,capitals flames vie for wnbl title
20030222,captain refuses to ship wheat to iraq
20030222,childrens rights overlooked advocate
20030222,clp confident of winning lower house seat
20030222,coria stuns nalbandian to reach argentina semis
20030222,croatia launches bid for eu membership
20030222,crusaders begin defence with win
20030222,darwin police investigate attempted sex assault
20030222,davies webb share masters lead
20030222,death toll rises to 39 in us club blaze
20030222,deputy says iraq is ready for dialogue with us
20030222,despite rain govt says drought isnt over
20030222,donald left out of bangladesh clash
20030222,dumbledore replacement picked for potter film
20030222,eagles down dockers despite mix up
20030222,faldo withdraws from match play tournament
20030222,farina pays tribute to thomson
20030222,female cosmonauts keep feet on the ground
20030222,ferrero escude hobble out of rotterdam
20030222,ferreros rotterdam campaign ends in agony
20030222,flash flooding keeps ses busy
20030222,former star koen licks cats
20030222,fourth cup race postponed again
20030222,freeman splits with husband
20030222,french african leaders support iraq inspections
20030222,gebrselassie breaks two mile indoor wr
20030222,gebrselassie breaks wr feofanova reaches new
20030222,gurkhas discrimination case fails in uk court
20030222,hearing adjourned over prison riot
20030222,hip pain sidelines golf legend palmer
20030222,howell leads by one in california
20030222,hussain giles recalled for pakistan clash
20030222,iaea begins iran nuclear assessment
20030222,iraqs wheat comments political vaile
20030222,jackson leads caps to back to back titles
20030222,japan backs us campaign for fresh iraq vote
20030222,johnson pittman excel in canberra
20030222,kangaroos thump essendon hawks edge saints
20030222,kookaburras force dutch to draw
20030222,labor targets council golden handshakes
20030222,lara jumps to warnes defence
20030222,light winds delay fourth americas cup race
20030222,likud party still without coalition partner
20030222,long haul for graziers as rain breaks
20030222,massa test drives championship winning ferrari
20030222,metro recruiting women for bus driver positions
20030222,newcastle secures third spot
20030222,no confirmation of iraqi wheat order awb
20030222,not greece lightning but olympic work under control
20030222,nsw opp plans inquiry into community services
20030222,nt health minister calls for meeting with cwealth
20030222,ntini stars as bangladesh felled for 108
20030222,ny mayor plays down terrorist attack speculation
20030222,nz cricket to investigate durban nightclub brawl
20030222,oil price hikes may weigh on rates decision
20030222,one killed after us fuel barge explodes
20030222,pair missing after us fuel barge explodes
20030222,pearson routs aussie women
20030222,petrol price hike compared to interest rate rise
20030222,police coming off the beat oppn claims
20030222,police investigate muswellbrook death
20030222,police treat hunter valley death as murder
20030222,powell leaves japan talks now for china
20030222,powell starts asian tour for north korea talks
20030222,proteas demolish bangladesh
20030222,protesters afloat deliver peace message to pm
20030222,public less concerned with environment statistics
20030222,qld takes gong in aust tourism awards
20030222,rain brings relief for act farmers
20030222,rain falls on drought ravaged eastern states
20030222,recoba handed three match champions ban
20030222,results of first aids vaccine trial to be released
20030222,robo deer takes bullet for justice
20030222,roddick heads all us semis in memphis
20030222,saddam ponders un edict to scrap missiles
20030222,sad note as esteemed music educator dies
20030222,sa govt blocks glenelg high rise apartments
20030222,sampras withdraws from arizona replaced by hewitt
20030222,sa police closing in on schoolgirl killer
20030222,seaman rested for maine road visit
20030222,searchers fear 18 dead after china ferry sinks
20030222,selectors to announce warne replacement soon
20030222,seles to face henin hardenne in dubai final
20030222,shop owner on trial accused over bali bomb
20030222,s korea subway staff face kill charges over fire
20030222,smigun takes out nordic skiing world championship
20030222,st helens win super league season opener
20030222,stormers slaughter sharks
20030222,stuttle family welcomes travel offer
20030222,sunrace heads into gloomy final day
20030222,sun shines on rmit entry in eco car race
20030222,taipans stay alive cannons dodge bullets
20030222,tas relay to raise money for cancer council
20030222,teenagers stabbed in cbd fight
20030222,toll rises in us club fire
20030222,turkey poised for iraq deal with us
20030222,two killed in wa motorbike collision
20030222,uk warns of final phase in iraq stand off
20030222,ulster militants declare ceasefire
20030222,us authorities confirm 95 killed in club fire
20030222,us duo ensures all american semi finals
20030222,us nightclub fire death toll hits 39
20030222,us prosecutors win slave labour case in samoa
20030222,us stocks rise following positive iraqi comments
20030222,vic govt calls for volunteers in state clean up
20030222,wa opp says police will be taken off the beat
20030222,warne to appeal 12 month ban
20030222,weather change saves white beach shacks
20030222,woods remains in the hunt
20030222,worker electrocuted during piggery repairs
20030223,accused people smuggler to face darwin court
20030223,act will struggle with public housing demand mla
20030223,alice forum to discuss indigenous education issues
20030223,alinghi fuming at another cancellation
20030223,at least 14 die as bus tumbles into greece river
20030223,aussies arrive in zimbabwe
20030223,barca deportivo real shine in spain
20030223,bayern open 10 point gap
20030223,bevan not frustrated by lack of opportunities
20030223,blair puts case on iraq to pope
20030223,bradman baggy green expected to fetch 200000
20030223,britain to rally support for new un resolution on
20030223,brown claims french landing site could be tassies
20030223,butchers defended over beef prices
20030223,calls for peaceful iraqi resolution
20030223,cambodian pm denies political emergency
20030223,carpark shooting sparks adelaide manhunt
20030223,carr plans 200m anti drug campaign
20030223,cat lovers march for romes sacred strays
20030223,cats claw dogs
20030223,cats claw dogs pies swoop on blues
20030223,coalition launches ads ahead of election
20030223,colombian rebels demand rescuers back off
20030223,consumers wear cost of trolley loss
20030223,council denies revenue raising over parking fees
20030223,court finds man guilty of gross ingratitude
20030223,cricketers association says warne ban too harsh
20030223,csl defends acquisition investigation
20030223,darwin cleared to play next super 12 match
20030223,davies takes ladies masters
20030223,davison plunders record century
20030223,deadly fire at us rock club whos at fault
20030223,dems to block govts spending cut moves
20030223,differences see beazley stay a backbencher
20030223,downer expects un to back new iraq edict
20030223,downer pushes urgent us talks with north korea
20030223,downer unmoved by iraqi wheat decision
20030223,drought doom turns to flood gloom
20030223,end protest or face the axe zimbabwe players told
20030223,england deserves cup favouritism oneill
20030223,england keep grand slam dreams alive
20030223,england punishes disappointing pakistan
20030223,fake crocs scare off flamingos
20030223,fickle weather again holds up cup racing
20030223,firefighters to continue containment efforts near
20030223,five palestinians die in army crackdown
20030223,flower may play in australia report
20030223,forensic teams struggle to identify us club fire
20030223,former un ambassador criticises howard remarks
20030223,freeman expected to race in melbourne
20030223,gatecrashers blamed for violence at bali thank you
20030223,geelong fights for ring road funding
20030223,govt paper discusses preservation of adelaide
20030223,gunners demolish city as man u stumble
20030223,hampshire chairman calls for review of crickets
20030223,hampshire wants warne once ban is done
20030223,hard work steals craftsmens identities
20030223,hayden focusing on cricket not politics
20030223,henin hardenne outlasts seles in dubai thriller
20030223,hill stars as tigers claim charity cup
20030223,hockeyroos save best till last
20030223,hotels association to fight smoking ban
20030223,howell extends la lead
20030223,hussain hails special england performance
20030223,iaea says iraqi cooperation improving
20030223,iraqi minister says protests prompt wheat decision
20030223,kings regain top spot
20030223,lions roll swans
20030223,man charged after bashing nightclub door with
20030223,man charged over ormiston attack
20030223,man charged with attempted murder after stabbing
20030223,man fights for life after stabbing
20030223,man stabbed to death in melbourne brawl
20030223,maroney makes one last swim
20030223,medicare offices busier as bulk billing dips
20030223,mirnyi slays federer to reach rotterdam final
20030223,missile issue can be resolved with less pressure
20030223,monster surf sweeps woman to death
20030223,more magic from martina
20030223,natasha spat wont destroy us dems
20030223,nataus
20030223,newton predicted 2060 armageddon reports
20030223,new un resolution would give hussein days downer
20030223,nine killed in violence outside karachi mosque
20030223,nsw greens call for parties to show their hand
20030223,nt uni receives cwealth literacy grant
20030223,odriscoll captures record as ireland downs italy
20030223,oil and water does mix okay
20030223,opec pledges oil will flow despite war
20030223,patterson says states should make an offer
20030223,pearson says bureaucracy fails indigenous welfare
20030223,perth tigers giants notch nbl wins
20030223,pilot dies in ultralight plunge
20030223,polanski gets best director cesar for the pianist
20030223,police arrest pair attacked with bricks bottles
20030223,police search for men after shooting
20030223,pope urges blair to avert war
20030223,psg crash to defeat despite ronaldinho gem
20030223,rain still needed in central west qld
20030223,raymond defends memphis title
20030223,research turns spotlight on binge drinking
20030223,roddick wants no dent in atp crown
20030223,s african weapons inspectors to iraq
20030223,sa police investigate fatal road crash
20030223,searchers retrieve ultralight pilots body
20030223,search intensifies for missing pilot
20030223,search to begin for missing pilot
20030223,ses busy after flash floods in north west nsw
20030223,sharks steal glory in perth
20030223,sherpa plans worlds highest cyber cafe byo oxygen
20030223,storms whip nsw coast as northern floods steady
20030223,strikers rout kingz
20030223,strikers rout kingz united down knights
20030223,tail rescues struggling wa
20030223,tamworth flooding may cost millions
20030223,teacher student guidelines need modifying mp
20030223,teenager dies after transplant mix up
20030223,tendulkar blazes century in big total
20030223,territory on search for raw comedy talent
20030223,third time lucky for canberra unis brisbane campus
20030223,tight security to greet cricketers in zimbabwe
20030223,tourists cry foul over spilt milk
20030223,tropfest turns tarpfest but show will go on
20030223,turkey signals go ahead for us troops
20030223,tyson destroys etienne in less than a minute
20030223,un vote on iraq soon after march 7 powell
20030223,us spain draft second un resolution
20030223,us to put new resolution before un
20030223,warne appeal to delay naming of replacement
20030223,warne will be back pollock
20030223,warnings of water contamination after recent rain
20030223,wa struggling in one day final
20030223,waugh expected to play in one day final
20030223,waugh leads blues to one day title
20030223,weapons experts denounce us intelligence on iraq
20030223,yemen chopper crash kills eight troops
20030224,94 dead in china earthquake
20030224,academic considers indigenous culture role in
20030224,adelaide man charged with firearm offences
20030224,ajax lose ground after utrecht defeat
20030224,all ords jumps 33 points higher
20030224,alp chooses charlestown candidate
20030224,amino levels linked to malaria treatment research
20030224,anti french jokes censored broadcaster complains
20030224,asa welcomes court ruling on chairman
20030224,at least five killed in factional afghan fighting
20030224,awb defends grain freight spot price tendering
20030224,beef prices set to rise
20030224,bhp billiton reveals 19pc profit downturn
20030224,blokes peel off pants for peace
20030224,bomb alert delays domestic flights by philippine
20030224,boulami set to be banned iaaf source
20030224,boy almost drowns after being swept down storm
20030224,bradman baggy green may go on tour
20030224,britain concerned about reports of iraqi missiles
20030224,building industry set for a shake up
20030224,cabinet meets to balance budget priorities
20030224,canberra steps up tourist campaign
20030224,carr considers clarence battle
20030224,celtic still on for four trophies
20030224,chavez blasts media as violence continues
20030224,civilian killed as gunmen attack minibus in east
20030224,claim more than 20 diamond miners murdered in congo
20030224,claims of new evidence in an unsolved double murder
20030224,clean coal technology still years away
20030224,coastal grazing boom lifts property prices
20030224,combined approach tackles grasshoppers
20030224,committee to offer aged care warning
20030224,community bank shares trading shows little change
20030224,community cleans up after drenching
20030224,community flocks to use waste transfer station
20030224,conference to focus on tuna fishery
20030224,council hosts farewell for mp
20030224,council resists eba roster pressure
20030224,customs house restoration opened
20030224,dam water levels still critically low
20030224,death toll hits 41 during bangladeshs local
20030224,dent rolls roddick to take st jude title
20030224,deployment of troops to iraq will cost too much opp
20030224,double murder case may be reopened
20030224,downer says un must help post war iraq
20030224,downpour brings flash floods
20030224,drivers urged to take care on wet roads
20030224,drivers urged to watch out for wandering stock
20030224,drivers warned to slow down in wet
20030224,drought assistance will continue for farmers carr
20030224,drought bushfires blamed for tourism slump
20030224,earthquake death toll rises to 242 in china
20030224,earthquake death toll rises to 257
20030224,earthquake kills 158 in china
20030224,earthquake kills 158 injures thousands
20030224,earthquake rocks china 50 dead
20030224,earthquake shakes north west china
20030224,eco tour guide training for far north
20030224,ecstasy abuse in singapore drops sharply
20030224,egyptian parliament extends emergency laws by
20030224,electricity restored to majority of suburbs
20030224,el gerrouj fails to crack gebrselassies mark
20030224,emergency crews repair flood damaged homes
20030224,england send vaughan for scan
20030224,enraged vajpayee tears up nam script to lash
20030224,fans cash saves york for now
20030224,farmers hope for more rain
20030224,farmers slow to register dams
20030224,firefighters continue to contain chemical spill
20030224,firefighters struggle to contain bushfire
20030224,fire threat eases in gippsland high country
20030224,five figure price tag for australias oldest bottle
20030224,flooding leaves motorists stranded in top end
20030224,follow up rain needed for drought break
20030224,forecasters not calling end of drought yet
20030224,former schoolteacher found guilty of promoting
20030224,forum to offer council candidates a say
20030224,four dead after ferry sinks
20030224,fourth cup race postponed again
20030224,france continues opposition to new resolution
20030224,france remains opposed to a new un resolution on
20030224,france sinks scotland
20030224,funding approved for crookwell canberra link
20030224,funding to improve crookwell canberra road
20030224,future of maternity services hangs in the balance
20030224,gaggle of geese find new home
20030224,g coast ses kept busy with heavy rainfall
20030224,girl succumbs to road crash injuries
20030224,good rains fall on illawarra
20030224,govt denies forgetting domestic issues
20030224,govt promises to act on building industry report
20030224,hampshire in talks with wasim to replace banned
20030224,hard times for mining attraction
20030224,harness racing scratched from agricultural shows
20030224,hauritz replaces warne in world cup squad
20030224,hazelton plans orange reunion
20030224,heated meeting expected over ponies
20030224,historic homes future in doubt
20030224,hobart womens health centre relocated
20030224,hope for roads to be reopened today
20030224,hospital cleared in amputee compo case
20030224,houllier plays down monaco move
20030224,households get clean water assurances
20030224,housing poses teacher retention problems
20030224,in form waugh encouraged to keep playing
20030224,inspectors in iran find uranium enriching
20030224,iraq commitment to impact on health budget says
20030224,job prospects looking better
20030224,kidman picked to win best actress oscar
20030224,kidman scores bafta nod
20030224,klim to miss world championships
20030224,land valuations released
20030224,last firies return
20030224,lawyer concerned by guantanamo suicide attempts
20030224,leading music identity dies
20030224,liverpool crash to city sinclair lifts west ham
20030224,man faces committal hearing over arson charge
20030224,man faces court over people smuggling charges
20030224,man to face court on attempted murder charge
20030224,man u shrug off giggs transfer talk
20030224,marine emergency beacons used too often police
20030224,marine research team on the hunt for cancer cure
20030224,marron fines down this season
20030224,mayor thinks ec criteria too restrictive
20030224,mayor wants park plans delayed
20030224,methanex aust considers worker housing
20030224,mirnyi captures first career title
20030224,more rain in central qld
20030224,more rain on its way for se qld
20030224,moya downs coria to claim buenos aires open
20030224,murder hearing begins in bunbury court
20030224,murraylands to become export brand
20030224,naked rain dance to go ahead whatever the weather
20030224,new autopsy policies to be introduced in tas
20030224,new book explores aboriginal culture
20030224,newcomer norah jones shows springsteen whos boss
20030224,new laws proposed for the territorys rental market
20030224,new locum service to boost wheatbelt health
20030224,new public trustee ceo appointed
20030224,non aligned leaders say no to war in iraq
20030224,norah jones dont know why wins song of the year
20030224,north qld land valuations released
20030224,nsw govt promises new police unit
20030224,one nation preselection row resolved
20030224,onetel chairman must be made responsible court told
20030224,overseas athletes dominate coffs harbour triathlon
20030224,overseas athletes prove too good in coffs triathlon
20030224,pacific head accuses west of misusing intelligence
20030224,perth fire forces school evacuation
20030224,plane carrying afghan ministers missing over
20030224,police concerned over acid theft
20030224,police confident hunters will return today
20030224,police continue probe into suspicious death
20030224,police ethics unit to oversee fatal car crash probe
20030224,police may investigate allegation against red cross
20030224,police may reopen double murder case
20030224,police name rail victim
20030224,police officer in hospital after alleged fight
20030224,police recover pilots body
20030224,police speak out over clearance rates
20030224,police to investigate suspicious horse shooting
20030224,pope urges catholics to fast for peace
20030224,pop legend paul mccartney sings at first private
20030224,port authority chief to push for jetty boost
20030224,pound describes warne anti doping hysteria
20030224,powell begins talks with china
20030224,powell says iraq must be disarmed one way or
20030224,prawn trawling impact under the spotlight
20030224,probe launched into boating tragedy
20030224,protest meeting calls for racing funds boost
20030224,public input sought into falls upgrade plan
20030224,publisher axel springer back in the black
20030224,qld opposition airs river flow concerns
20030224,queensland teachers set to call off industrial
20030224,racism on the web on the increase
20030224,radcliffe opens season with record run
20030224,rain boosts water storages
20030224,rain brings minor flooding
20030224,rain doesnt help water storages
20030224,rain falls across hunter
20030224,rain may have come too late for milk producers
20030224,rain not expected to affect vintage
20030224,rain offers firefighters different tack
20030224,rain offers respite to some communities
20030224,rain prayers answered
20030224,rain tops up reservoir
20030224,rangers defender amoruso in spitting row
20030224,rangers keep eye on park croc
20030224,razorbacks stay alive kings back on top
20030224,real sociedad stay on top
20030224,reed boat captain hopes to avoid sinking feeling
20030224,regional aviation issues under cwealth spotlight
20030224,region goes from drought to flood
20030224,researchers looking to engage students in science
20030224,riverland events clash
20030224,road may be reopened today
20030224,rockhampton man still missing
20030224,safety authority okays qantass use of contract
20030224,sa govt hoping to seize profits of crime
20030224,school bans mobile phones
20030224,security tight ahead of australia zimbabwe match
20030224,seedorf takes a swipe at italian media after
20030224,ses works to fix retaining walls
20030224,seven killed in avalanches in tajikistan
20030224,sharon signs on with settlers party
20030224,shire still focused on tourism attraction
20030224,simoni preparing to win giro
20030224,s korea arrests subway officials over fire disaster
20030224,s korea arrests subway workers over fire disaster
20030224,s korean president makes outgoing speech
20030224,spanish protest against prestige disaster
20030224,state water under fire over flash flooding
20030224,submissions flow in on regional tourism
20030224,sub regions plan for riverina tourism
20030224,sudan allows uganda troops to pursue rebels
20030224,sudanese muslim teacher deported from fiji
20030224,survey highlights extended trading hours support
20030224,tas health authorities to join autopsy campaign
20030224,thailands drugs blitz claims nine year old victim
20030224,the humble british inn under threat
20030224,thorpe to taper ahead of national record bid
20030224,three goals in three minutes keep inter on top
20030224,three juveniles have charges upgraded after post
20030224,tourist drowns on reef
20030224,town green draft plan on display
20030224,trucker found guilty of causing drivers death
20030224,tyson in no rush for lewis rematch
20030224,unions join highway revamp push
20030224,vaughan doubtful for india game
20030224,vermeulen ready to race
20030224,vic govt launches firebreak probe
20030224,vic police investigate fatal stabbing
20030224,vic police killers sentenced to life in jail
20030224,warne may not appeal ban
20030224,warne no drugs cheat acb boss
20030224,wa set to benefit from minerals boom
20030224,water safety skills workshop to be held for school
20030224,weapons inspectors findings must be respected mbeki
20030224,weather conditions may spell problems for dried
20030224,we have hit rock bottom pakistan coach
20030224,weir edges howell in play off
20030224,wheat board confident of future iraq trade
20030224,wigan blasted by coach after castleford loss
20030224,wild weather doesnt deter anti war protesters
20030224,win puts eckstein on top of ironman table with
20030224,woman dies in car crash
20030224,woolworths increases half year profit
20030224,worlds first mass trial of aids vaccine disappoints
20030224,zimbabwe hoping to cause upset
20030224,zim churchman takes aim at aussies
20030225,4 million pay out for sacked ceo
20030225,aids organisation disappointed with vaccine result
20030225,air nz staff to walk off job
20030225,akram asked to replace warne at hampshire
20030225,ambos to meet over hospital crew concerns
20030225,amp chairman to retire early
20030225,annan pushes for peace in cyprus
20030225,atsic leader faces court over pub brawl
20030225,atsic to improve substandard housing
20030225,aussie dollar holds gains
20030225,aussies win womens ashes
20030225,australian dollar reaches two year high
20030225,aust to help us uk lobby security council downer
20030225,belgium still hoping for spa f1 race this year
20030225,bevan likely to move up against namibia
20030225,blast rocks university cafeteria in china
20030225,blasts rock beijing universities
20030225,boat owners warned of rough seas
20030225,bombay no longer too taxing for the stones
20030225,bomb blast hits southern afghan officials house
20030225,bomb scare sparks evacuation
20030225,boy swept into drain recovering in hospital
20030225,bracks promises more fire relief
20030225,business confidence bottoms out in the nt
20030225,business looks to closer adelaide links
20030225,call for legislation on customary law to be updated
20030225,candidate forum highlights communication as key
20030225,canegrowers welcome rain
20030225,cash assistance offered for nsw flood victims
20030225,celtic bring back rested stars for uefa clash
20030225,central qld land values rise
20030225,chemical spill closes hume highway
20030225,china dismisses latest draft resolution on iraq
20030225,coast begins mop up after deluge
20030225,collins class subs return to duty
20030225,columbian guerrillas seize american pows
20030225,concern growing over missing pilot
20030225,condamine river flows at last
20030225,cotton week to coincide with worst season
20030225,council hopes water efforts flushed with success
20030225,councillor may have to pay back compo
20030225,council offers land valuation rate rise assurances
20030225,council to audit water use
20030225,council to merge two jobs
20030225,council to work with planning dept on harbourside
20030225,council wont fund bus service
20030225,court hears evidence in arson committal
20030225,court to hear challenge on racial discrimination
20030225,court told capsicum spray used on aboriginal leader
20030225,crean says he matches pms determination
20030225,crean says malaysias pm comments are inflammatory
20030225,death toll in china quake rises
20030225,defence force jobs on hold union
20030225,defence upgrade jeopardised by war on terror navy
20030225,depressed teenager goes missing in mt gambier
20030225,de villiers refuses police drugs test
20030225,dispute continues over historic homes future
20030225,downer condemns north korea missile launch
20030225,drought assistance set to expand
20030225,drowned fishermen named
20030225,drugs kill seven million a year study
20030225,dumped candidate criticises labor party
20030225,east timor seeks help to try wiranto
20030225,englands thorpe i want to play again
20030225,ethiopias bekele eyeing another world double
20030225,farmers conference to discuss trade
20030225,farmers seek funds for vegetation plan
20030225,farmers welcome rain relief
20030225,fears aired over sugar mill jobs
20030225,ferguson blasts obeid over factional fighting
20030225,fire service urges caution to tas residents
20030225,five in court over beckham kidnap plot
20030225,floods close school roads
20030225,former ambassador urges us to speak to north korea
20030225,former police officer testifies at wa royal
20030225,forum calls for more water in the murray
20030225,four us soldiers killed in helicopter crash
20030225,freeman still on course for melbourne meet
20030225,ganguly wary of england threat
20030225,gold coast boy continue to fight for life after
20030225,gollan hits heights
20030225,govt gives go ahead for new brisbane cruise ship
20030225,govt pushes for pay rise for childcare workers
20030225,govt tight lipped about university reform
20030225,greece denies games preparations behind schedule
20030225,greens candidate wants forest commitments
20030225,greens oppose west coast wind farm
20030225,group considers tick clearance chemical use
20030225,hawks hang on to fourth place
20030225,heartbreakers rocker howie epstein dies aged 47
20030225,hemsley claims stage gollan leads
20030225,highway open after flash flooding
20030225,hodgson favourite as superbikes stutter on
20030225,hope for rain to boost water storages
20030225,hospital budget under the microscope
20030225,housing valuations under review
20030225,howard praises new resolution on iraq
20030225,hurst considers closest rivals
20030225,if bangladesh can play tests so can we kenya coach
20030225,injury jinx hits irelands championship hopes
20030225,insurance woes end shearing tradition
20030225,investigation into sydney rail incident
20030225,iraq invites delegation to confirm un cooperation
20030225,irrigators to highlight need to stop blame game
20030225,israeli army frees reuters cameraman
20030225,jerusalem cut off by snowfall
20030225,joeys opponents still unknown
20030225,joeys through to oceania play off
20030225,juve coach lippi wary of troubled man u
20030225,keller agrees to one year spurs extension
20030225,kenyan authorities seize 33 ivory tusks arrest
20030225,kewell in no rush to prolong stay at leeds
20030225,kiwis delay brawl report
20030225,krige to quit south africa after world cup
20030225,lawyers not surprised by wa corruption allegations
20030225,lihir announces decline in year profit
20030225,long to miss nrl season start
20030225,low sugar prices lead to lower land valuations
20030225,mackay gets new forensic officer
20030225,magnesium smelter to top 1b
20030225,man dies after car crash
20030225,man fined over drugs stolen goods charges
20030225,man to face court over police assault charge
20030225,meningitis trial focuses on infant response
20030225,michael jackson sues documentary maker
20030225,ministry of construction poorly built
20030225,missing pilot found safe and well
20030225,missing tourists found safe
20030225,more rain forecast for mackay
20030225,more rain needed to end drought
20030225,more than 150 face trail in vietnam
20030225,mugabe criticises us and british big brothers
20030225,natural disaster areas declared
20030225,natural disaster areas declared after downpour
20030225,new after hours medical service set to open
20030225,new powers for wa corruption watchdog
20030225,new surveillance equipment to monitor shoreline
20030225,new york gives no special treatment to royalty
20030225,n korea fires missile into sea of japan
20030225,n korea may launch another missile on wednesday
20030225,no warne no worries say confident aussies
20030225,nsw govt makes bulli pass pledge
20030225,nursing home dispute closer to resolution
20030225,nz says peace monitors will leave png
20030225,octopus learns to open shrimp jars
20030225,olongas omission not political streak
20030225,olympic champion schumann out of world indoors
20030225,online poll about school hours launched in tas
20030225,opera mourns death of baritone singer
20030225,opp blames population drop on public service cull
20030225,pilot explains emergency landing
20030225,pm backs new resolution on iraq
20030225,png election allowance dispute solved
20030225,png mps face misconduct charges
20030225,pngs former pm installed as opposition leader
20030225,police association speaks out over safety issues
20030225,police issue car break in warning
20030225,police name motorcycle victim
20030225,police raid finds cannabis plants
20030225,police yet to name road victim
20030225,pony supporters promise fight
20030225,pop star badly drawn boy bombs as busker
20030225,powell downplays north korea missile firing
20030225,pre selection bun fight in parramatta
20030225,probe clears council general manager
20030225,public to get better tasting water
20030225,qantas boss wants to rein in costs
20030225,qantas cabin crews threaten more industrial action
20030225,qantas staff return to work
20030225,qld govt reviewing cruise terminal plan
20030225,questionable land dealings in nsw to be
20030225,quoll to be moved from cane toad threat
20030225,radcliffe contemplating 10000 and marathon in
20030225,rain boosts tibooburra water source
20030225,rain continues falling across wide bay
20030225,rain damages wine grapes
20030225,rain ends kosciuszko fire drama
20030225,rainforests may provide effective cancer treatment
20030225,rain offers respite but more needed
20030225,rain sparks water restrictions easing
20030225,rain tops up regions water supplies
20030225,rare drug seized in raid
20030225,real estate institute airs land valuation concerns
20030225,recycling to save millions of dollars
20030225,reiq welcomes coast land valuations
20030225,restaurant saved from demolition
20030225,revamped computer virus spreads across the globe
20030225,rex to clip wings on coffs services
20030225,rising river isolates residents
20030225,roh sworn in as south korean president
20030225,royal commission told police trained to be corrupt
20030225,rubin rolls in wta return
20030225,rudd calls on downer to travel to north korea
20030225,rules for planting gm crops to be strengthened
20030225,sa forum to discuss murray river issues
20030225,saints keen for warne to lend a hand
20030225,saleyards sees record price for stock
20030225,sa to establish anti id theft laws
20030225,schoolgirls mother unhappy with coroners findings
20030225,security council ends private debate on iraq
20030225,settlement reached on whyalla airlines dispute
20030225,seven injured in explosion in beijing
20030225,share market plunge with global uncertainty
20030225,shire complains about western power service
20030225,shires association conference begins
20030225,snowtown murder trial reveals more chilling
20030225,southcorp profits down 97pc
20030225,south korea undeterred by missile launch
20030225,spurs fulham share points
20030225,st kilda ready to welcome warne
20030225,strength of dollar surprises market
20030225,students to get parliamentary education kit
20030225,survival motivates north korean regime downer
20030225,swain to miss roosters clash
20030225,sydney water storage levels still low despite rain
20030225,tangara train taken off the tracks after safety
20030225,tapes reveal alleged militant campaigned for bush
20030225,tasmanian inducted into photography hall of fame
20030225,tasmanias business most buoyant in the nation
20030225,tax office offers extension for drought fire
20030225,tendulkar drive could have killed me says
20030225,threats spark americas cup warnings
20030225,toad menace threatens top end quolls
20030225,top seed nieminen out in copenhagen
20030225,torino sack coach days after crowd trouble
20030225,tree farming concerns aired
20030225,trial aims to help indigenous youths
20030225,trial hears hit man discussion
20030225,truckie dead in horror smash
20030225,truck in fatal crash carrying registered post
20030225,two truckies killed in horror smash
20030225,unions qld health meet over hospital reforms
20030225,union to include maternity leave in agreements
20030225,un peacekeeping forces line border near west timor
20030225,un will outlive iraq crisis diplomat
20030225,us carrier arrives in gulf
20030225,us to saddam time is up
20030225,us vice president to see rail work first hand
20030225,vaughan given all clear
20030225,vic libs face parliament after poll disaster
20030225,wagga wagga teen pregnancy rate needs attention
20030225,wa opposition appoints new agriculture spokesman
20030225,warne admits to second offence
20030225,warne counts the cost
20030225,warne seeks advice on appeal
20030225,western countries remain divided over war in iraq
20030225,wilkinson told to step back from fight
20030225,wiranto charged with crimes against humanity
20030225,woman charged over possessing rare drug
20030225,youhana lifts pakistan to 9 for 253
20030226,abs defends nt population shrinking claim
20030226,acb report slams warnes vague and unsatisfactory
20030226,accc asks court to seize conman fosters passport
20030226,accident victim named
20030226,ac milan ease into last eight
20030226,afl to examine warne anti doping findings
20030226,akram claims 500 as pakistan downs dutch
20030226,alston seizes on glowing telstra report
20030226,ambos get crewing commitment
20030226,amp concedes it was overambitious
20030226,amp confirms 896m loss
20030226,amp losing investor confidence
20030226,aquaculture council speaks out over kingfish claims
20030226,army too small to meet demand on sas
20030226,arts boost to have spin offs
20030226,asic charges wine giant with bottling up forecasts
20030226,asic urges caution over insurance policies
20030226,asx achieves 11pc profit increase over six months
20030226,asx told mine information withheld
20030226,atsic chief hindered police at pub brawl court
20030226,atsic deputy ruddock clash over clarkes court costs
20030226,aussie dollar hits new high
20030226,aus sports awards finalists announced
20030226,aust airlines looks to asian market
20030226,australia marks 30 years of diplomacy with vietnam
20030226,australia targeting england win against india
20030226,beattie hits out at obscene corporate payouts
20030226,beattie vows not to walk away from schoolies
20030226,bhp billiton native title efforts recognised
20030226,black box installation not held up scully insists
20030226,black stuck on the brink as rain washes out wta
20030226,blake proclaims innocence over wifes murder
20030226,board defends pest control rate rises
20030226,botero scores hat trick as bolivar hammer penarol
20030226,boy in hospital after drain ordeal
20030226,brazil star admits world cup fluke
20030226,bryants scoring streaks end but lakers streak
20030226,bundaberg cbd may be set for change
20030226,bush unimpressed by iraqi weapons disclosure
20030226,bush willing to assassinate saddam report
20030226,business as usual after threats cup boss
20030226,butler predicts imminent action against iraq
20030226,campus car parking causing headaches
20030226,canberra rebuilds after bushfires
20030226,cane farmers air deregulation concerns
20030226,carr announces 9 person terrorism unit
20030226,car washed into river driver missing
20030226,cautious welcome for gm crop plan
20030226,china denies providing north korea with missile
20030226,china quake aftershocks take death toll to 266
20030226,claims rising fuel costs to lead to higher freight
20030226,coalition says union fight delayed train black
20030226,cohen is latest england injury worry
20030226,committee to consider stock route management
20030226,conman foster plans return to uk soon court hears
20030226,consultants question value of free trade with us
20030226,coroner damns police handling of fatal domestic
20030226,costa accused of avoiding police corruption
20030226,council hopes to avoid by election cost
20030226,council offers charity group emergency shelter
20030226,councils oppose nuclear waste transport
20030226,councils to make noise over neighbourhood issue
20030226,couple rescued after boat runs aground
20030226,cowboys look to new sponsor
20030226,crane hits powerlines driver dies of massive shock
20030226,crash claims motorcyclist
20030226,crowd shouts down immigration officials
20030226,cuthbert statue for mcg
20030226,dead whale turning visitors away
20030226,decline in male teachers continues
20030226,defence force to focus on fighting terrorism
20030226,defence review calls for rebalance of forces
20030226,democrats urge action on smoking bans
20030226,deportivo thankful for double boost after win over
20030226,detainee children will attend port augusta schools
20030226,di canio linked with scottish return
20030226,dollar hits new high
20030226,downer calls on china to mediate in north korea crisis
20030226,doyle demands vic bushfire inquiry
20030226,drivers urged to take care in flooded areas
20030226,dutch captain writes off england india and pakistan
20030226,early finish predicted for demolition
20030226,ecclestone backs mosley to win rules battle
20030226,environment centre set to open
20030226,erosion chemicals threatening reef report
20030226,experts to challenge road closure issue
20030226,fa cup quarter finalists wolves and watford draw a
20030226,farmers slow to seek drought aid
20030226,farming accident claims mans life
20030226,father and daughter found
20030226,fire destroys sign writing business
20030226,firefighters continue wilderness area efforts
20030226,firefighter washed away waterbomber down in vic
20030226,fisher to face court over net charge
20030226,flood warning issued for river
20030226,former champion chela beaten in mexico
20030226,former whyalla director praises crash compo
20030226,freeman media launch ends in shambles
20030226,french hit by galthie withdrawal
20030226,fuel prices almost doubled in zimbabwe
20030226,funds announced for barcoo centre
20030226,fyffe to be new bendigo mayor
20030226,giggs fires united into last eight
20030226,glory stolen from yaos broadway debut
20030226,golfing family affair set for nicklaus foursome
20030226,govt condemns low pay claim but wont intervene
20030226,govt defends pay rise for award earners
20030226,gulf watcher warns aust ships have little defence
20030226,gunman kills four wounds one in us
20030226,headmaster praises staffs rescue efforts
20030226,henman encouraged despite first round defeat
20030226,herbert tipped to join tigers
20030226,heroin deaths in decline report
20030226,highway clean up continues after truck crash
20030226,hill satisfied with sub fleet
20030226,hodge chaffey cop one match ban
20030226,holy films all the craze in italy
20030226,hong kong protests new security bill
20030226,hospitality smoking ban not affecting profits study
20030226,icc to examine kenyas shock world cup win
20030226,immigration swoop bags fruitpickers
20030226,industrial action increases at brisbane
20030226,inspectors probing public pools
20030226,iraqis like east timorese in need of foreign
20030226,islamic countries could use oil as weapon mahathir
20030226,jags boss lambie to step down in may
20030226,jail no deterrent for drug users research
20030226,judges to assess tidy towns entry
20030226,keegan fears city no nearer euro elite
20030226,kefu confirms japan move
20030226,kenyan government set to suspend soccer federation
20030226,king islanders resigned to high fuel prices
20030226,kuerten saves three match points in mexico win
20030226,labor fears for defence jobs
20030226,loggers protest outside vic parliament
20030226,loss for amp shareholders but millions for ex
20030226,lower winegrape harvest may have price positive
20030226,mahathir suggests muslim oil strike to stop iraq
20030226,man hurt in driveway ordeal
20030226,man jailed over stepfather killing
20030226,man missing after car washed into victoria river
20030226,man on police assault charge remanded in custody
20030226,man ordered to complete community work over train
20030226,man suffers massive electric shock after car hits
20030226,market fights to close 24 points higher
20030226,maroochy council considers helping cooloola with
20030226,marshall not yet abreast of parliamentary rules
20030226,marsh backs australia for cup
20030226,marys tears not an official miracle church rules
20030226,minister announces grazing lease rebate extension
20030226,montgomery will not compete in us championships
20030226,more time for comment on regional development
20030226,mosley sides with minardi in cash row
20030226,mp highlights doctor shortage woes
20030226,mp seeks support for fire bug bill
20030226,murder trial hears phone tapes
20030226,northampton airs festival shift concerns
20030226,nsw coalition makes hospitals promise
20030226,nsw rail system again under spotlight
20030226,nt police search for man after 4wd swept off bridge
20030226,oil pushes higher as us craves heating oil
20030226,oppn suggests ministers named at police graft
20030226,oscar winners hang in the ballot
20030226,parliamentary inquiry calls banks to account
20030226,parliament ejects breastfeeding mum
20030226,perth bans circus animal acts
20030226,pink snapper limits introduced
20030226,planned boundaries released for new national parks
20030226,police believe man trapped in washed away vehicle
20030226,police investigate sexual assault of perth woman
20030226,police probe childs death
20030226,police probe shop thefts
20030226,police suspect murder after body found in
20030226,police uproot crop of 500 cannabis plants
20030226,pressure for water authority support
20030226,priest puts washer on booze cycle
20030226,private school students up more than 20pc
20030226,probe begins into industrial death
20030226,profiteering warning for brisbane hoteliers ahead
20030226,program underway to fight park weed
20030226,protesters halt departure of woodchip shipment
20030226,qld introduces ban on human cloning
20030226,qld mps told to be on best behaviour for webcasts
20030226,race club appeals for meeting to go ahead
20030226,racing club stun nacional in montevideo
20030226,rain helps lift some water restrictions
20030226,rain may ease water restrictions
20030226,rain offers boost to graziers
20030226,rain pours down on eurobodalla shire
20030226,rejected labor candidate considering independent
20030226,renewed pressure for bushfire probe
20030226,report argues australian stake in missile defence
20030226,rescuers head for melbourne plane crash site
20030226,reynolds selling ambulance levy
20030226,riot police clash with squatters in argentina
20030226,river forum resolution questioned
20030226,ruddock seeks greater power over atsic
20030226,rumsfeld gives mixed view of iraqi firepower
20030226,saddam rules out going into exile
20030226,saudis agree to host us planes for iraq war
20030226,savage looks to quieter time
20030226,sawmill jobs threatened by recent bushfires
20030226,schools ban convicted rapist mp turned literacy
20030226,schumacher roars through testing
20030226,search continues for firefighter
20030226,secret break ins allowed in new vic terror
20030226,shake up for agriculture dept jobs
20030226,sky channel withdraws st pats coverage
20030226,snowtown judge bans jury from hearing album
20030226,southcorp denies disclosure breach
20030226,storms take toll on banana crops
20030226,submissions flow in on chicken farm plan
20030226,sydney injecting room needles un drug board
20030226,tiger and els set for world match play showdown
20030226,top seeds fall at copenhagen open
20030226,torino cop five game home ban
20030226,tougher water restrictions looming
20030226,tour of valencia first stage leading placings
20030226,townsville to get coal seam methane gas
20030226,trainer appeals ban following oliver death
20030226,trio charged with drug related offences
20030226,truck drivers campaign for road safety
20030226,trucking firm announces profit boost
20030226,uk media worlds most savage publicist
20030226,uk parliament due to debate iraq action
20030226,union airs tertiary education concerns
20030226,union faces challenge of increasing casual
20030226,unions seek job cut details
20030226,united ac milan advance to quarters
20030226,un missile edict to iraq makes no difference us
20030226,us acknowledges pakistani cooperation over al qaeda
20030226,us consumer confidence lowest in 10 years
20030226,us resumes food aid to north korea
20030226,us uk bomb missile site in iraq
20030226,venter banned for four weeks
20030226,vic govt outlines policy directions
20030226,vic govt urged to take over forest harvesting
20030226,victorian silk faces court accused of contempt
20030226,villeneuve unhappy with bar reliability
20030226,virgin blue to cut safety checks by engineers
20030226,wafl waives dockers payments
20030226,wake in hospital after heart attack
20030226,warnes image could suffer even more gilchrist
20030226,warne takes it on the chin
20030226,water park needs more rain
20030226,weapons inspectors need more time blix
20030226,wmc resources announces 437m loss
20030226,woman dies from meningococcal infection
20030226,womans body found tied and stabbed
20030226,zimbabwes flower saved by player revolt source
20030227,500 million development plan for maroochydore
20030227,50 kph speed limit coming into force
20030227,abbott defends govt position on award rise
20030227,aboriginal advocate pressures police over inquest
20030227,actors continue crusade against iraq action
20030227,ad makers deny junk food commericials cause chunky
20030227,advertising industry criticised over junk food ads
20030227,african aids orphans being shunned humanitarian
20030227,air patrols hit two communications sites in iraq
20030227,ajax arsenal on course for quarters
20030227,alcohol restrictions a success say police
20030227,alleged flasher refused bail
20030227,all parties cleared in oasis investigation
20030227,amery wont declare drought a natural disaster
20030227,army says sacked officer scammed way back in
20030227,atsic head ordered blockade at hotel court hears
20030227,aust cannot afford missile defence crean
20030227,aust govt embarrassed by guantanamo bay terry hicks
20030227,aust post works to resolve mail woes
20030227,australian contingent in gulf tops 2000
20030227,aust transport infrastructure suffering report
20030227,authorities to meet over blue green algae
20030227,bali survivors unveil memorial
20030227,banana farmers offered disaster relief
20030227,bank launches initiative to combat identity fraud
20030227,banned warne may be allowed to train for victoria
20030227,bhp steel records 242m half year profit
20030227,black caps crush bangladesh
20030227,black hawk crashes in colombia 23 dead
20030227,black spot funding to improve riverland roads
20030227,blair facing party revolt over iraq stance
20030227,bligh intervenes after convicted rapist found
20030227,boy remains in serious condition after drain ordeal
20030227,bridge delays stopping development council
20030227,brogden promises npws jobs transfer to maitland
20030227,brogden proposes school discipline agreement for
20030227,burnley down fulham to reach fa cup quarters
20030227,burrendong dam rises above relics
20030227,butterflies facing extinction threat
20030227,butt the campaign is balanced tourist board
20030227,cairns mccullum fined for nightclub incident
20030227,call to waive rates for all canberra residents
20030227,cape association considers port proposal
20030227,ceduna residents turn out to oppose kingfish farms
20030227,china russia unite for peaceful iraq solution
20030227,chinese forced to sleep outdoors following
20030227,civic centre may go if hall eventuates
20030227,coke spray ups wheat crop yields
20030227,confusion led to acu asking for world cup tapes icc
20030227,coroner hands down silo death findings
20030227,costa critical of magistrate decisions
20030227,council asked to rethink electoral change
20030227,council backs sister city plan
20030227,council questions algae studys relevance
20030227,council supports baxter children in schools
20030227,council to waive rates for bushfire victims
20030227,court cuts paedophile priests jail term
20030227,crash investigation fails to establish cause
20030227,crean content ambassador contrite after talks
20030227,cricketers association calls for drug education
20030227,csiro hails increase in rare fish population
20030227,darling downs to join lobby for enterprise zones
20030227,development on hold in drought conditions
20030227,docs works towards boosting dareton services
20030227,downer disturbed by north korean nuclear reactivation
20030227,driver jailed after road rage death of unborn baby
20030227,engine of nsw qld train catches fire
20030227,farmer appealing against moo joose decision
20030227,farmers concerned over ag dept job cuts
20030227,farmers urged to complete aid applications
20030227,fears chinese quake toll will rise
20030227,fed govt considering missile defence system hill
20030227,figures highlight water woes
20030227,firefighters await cooler weather
20030227,firefighters body found after flash flood
20030227,fishing boat towed back to yeppoon
20030227,flash flooding brings relief to north vic
20030227,flower pledges to continue protest
20030227,funding drought restricting iraqi refugee plans
20030227,german dogs not licensed to poop
20030227,goalless draw with inter sends barcelona through
20030227,govt to advertise for hospital tenders
20030227,graders work overtime after drenching
20030227,graziers confident of fair hearing with govt
20030227,graziers urge change to disaster plans
20030227,greene gone but rest of us best seek world berths
20030227,health experts air vaccination concerns
20030227,highway reopens after fatal crash
20030227,hungerford sated with rainfall
20030227,icac to hand down oasis report
20030227,iluka to close mildura operations
20030227,indigenous cricketers battle it out at alice
20030227,investigation underway after body found on
20030227,investment figures better than expected
20030227,isisford confident of tourist project
20030227,israels sharon ousts netanyahu seals coalition
20030227,jail for firefighter turned arsonist
20030227,japan warns against nuclear over reaction
20030227,job fears arise over wa prison closure
20030227,labor unveils plan to increase bulk billing
20030227,land clearing plan given to nsw govt
20030227,lifesavers consider rain making ability
20030227,major stocks take a thumping
20030227,man jailed after dna test brings rape conviction
20030227,man to face trial over hardware store blaze
20030227,maritime workers deplore flag of convenience
20030227,molecule could protect against radiation poisoning
20030227,more rain predicted for mackay
20030227,most vic mps support strangers rule review
20030227,moya survives scare to reach mexican quarters
20030227,mp calls for woodchip transport review
20030227,mp not concerned over uni funding claims
20030227,mps argue over regional health staffing
20030227,nasa engineers foretold shuttle disaster
20030227,nbl holds fire on goorjian incident
20030227,nehra rips through england
20030227,netanyahu accepts finance portfolio in reshuffle
20030227,netballer sues over pregnancy ban
20030227,new figures show union workers win wage war
20030227,night time is the right time bacher
20030227,n korea restarts yongbyon reactor report
20030227,no missiles no missile shield downer tells china
20030227,not enough support for second resolution chirac
20030227,now for pakistan says confident ganguly
20030227,nsw fisheries monitor river after fish kill
20030227,nsw senior corruption investigator resigns
20030227,nt govt nurses sympathy for breastfeeding mps
20030227,nt govt rejects population proposals
20030227,nt speaker keeps abreast of parliament rules
20030227,oil prices hit 12 year high
20030227,parry council defends water talks withdrawal
20030227,petitions oppose brothels
20030227,pm backs missile defence investigation
20030227,pm says missile defence system worth exploring
20030227,police interview woman over car incident
20030227,police investigate cannabis find
20030227,police name firefighter killed in flash flood
20030227,police prepare case over stabbing charge
20030227,police probe mallee cannabis find
20030227,police to downsize missing man search
20030227,pontings men go in for the kill
20030227,public meeting to discuss power problem
20030227,public urged to dob in a drug dealer
20030227,qld a g criticises proposed home invasion bill
20030227,qld govt may extend vehicle rego to lawnmowers
20030227,qld showies could solve murder of 19 years ago
20030227,radiation emissions below world limit study
20030227,rain expected over inland qld
20030227,rapper released from jail
20030227,record breaking nehra routs england
20030227,refugee supporters aim to raise appeal funds
20030227,regional business works through drought
20030227,regional property prices on the rise
20030227,remote terrain hindering body recovery effort
20030227,residents seek duplex development moratorium
20030227,rival show cancelled by time constraint
20030227,road funding for cairns slipway
20030227,robredo shocks safin in dubai
20030227,rough seas postpone cup racing
20030227,ruddock to visit nt
20030227,saddam will destroy some missiles downer
20030227,scallop project closer to production
20030227,scathing report of vic public sector agencies
20030227,school nominated for students official role
20030227,scott sinks langer garcia falls
20030227,search to resume for missing man
20030227,separatists deny bombing philippines powerlines
20030227,ses winds down as firefighters brace for more
20030227,severe storm lashes victoria
20030227,shearer sinks bayer leverkusen
20030227,shire not supporting cattle yard proposal
20030227,slater double ton in blues run spree
20030227,son of star wars too costly for phantom menace nz
20030227,south east rainfall relieving water restrictions
20030227,state agencies may pay local govt rates nsw
20030227,states fight for spot in four day final
20030227,strong dollar should offset oil price ract protests
20030227,sydney kings of the castle
20030227,taiwan to beef up missile defense system
20030227,tamworth proposes levee for industrial area
20030227,tanker off to mackay after running aground
20030227,telstra announces 12b half year profit
20030227,telstra chief banking on companys formidable
20030227,telstra sale agenda unchanged by profit slump
20030227,tonga bans newspaper as subversive
20030227,toppling saddam would help bring peace bush
20030227,totti magic gives roma shock 3 0 win at valencia
20030227,transport company to face court over cyanide
20030227,truck blockade leads to traffic chaos
20030227,trucks wheels crash into house
20030227,tso to launch season with launceston concerts
20030227,turkey closes border to iraq evacuates embassy
20030227,turkey evacuates embassy in baghdad
20030227,turkey ready to stamp troops deal with us
20030227,tweed council lifts water restrictions
20030227,two nsw teenagers charged with starting fires
20030227,uk govt divided over iraq war position
20030227,union opposes prisons closure plan
20030227,un security council to hold closed session
20030227,us farmers eye australia iraq wheat contract
20030227,us has no desire to govern iraq special envoy
20030227,us moves to ease iraq opposition fears
20030227,us nursing home patient questioned over fatal fire
20030227,vic govt bidding to reform industrial relations
20030227,video tape of columbia crew found
20030227,virgin chases alliance from rocky gladstone
20030227,wa health minister named at corruption inquiry mp
20030227,wa police smoked pot at work inquiry figure tells
20030227,wa unions want greater role in mine safety
20030227,wet roads warning after fatal motorcycle crash
20030227,whale carcass to be towed out to sea
20030227,williams and mclaren go ahead with rule challenge
20030227,williams troubled by new cars aerodynamics
20030227,woman found after search at nudgee beach
20030227,woods advances els upset in match play event
20030227,writers withdrawal from festival unethical judge
20030227,wwf backs landholders incentives idea
20030227,yemen arrests armed man at us run hospital
20030227,young pushes for refugee permanent residency
20030227,youth centre feasibility under microscope
20030227,youth charged over sydney stabbing
20030228,4m ant eradication plan worth it csiro
20030228,abbott considers award for low paid vic workers
20030228,albany man awaits sentencing over child porn
20030228,alliance airlines halts brisbane to cq routes
20030228,all ords claws back four points
20030228,appeals over long sentence dismissed
20030228,armstrong in top shape despite personal problems
20030228,arthurs advances to copenhagen quarters
20030228,auckland give waikato the blues
20030228,aussie bowlers blew us away namibian coach
20030228,aust closer than ever to war howard
20030228,bayern close in on 18th title as kaiserslautern
20030228,bhp steel to continue monitoring jobs despite
20030228,bickering within national trust in tas heats up
20030228,birds return to townsville after rain
20030228,blair tells iraq not a time for games
20030228,brawl over gloves sets stage for jones ruiz
20030228,brl hardy merger down to shareholders
20030228,brogden would ease compo rules for emergency
20030228,broken hill to protest against nuclear waste plan
20030228,broken mast shatters kiwi cup dream
20030228,bucher pulls out of world indoor championships
20030228,building owners warned to watch for legionella
20030228,bushfire inquiry witnesses to be protected
20030228,cairns health watch on three dengue fever cases
20030228,cairns to focus on image change
20030228,call for states to work together to prevent
20030228,carr promises to build on record
20030228,carr to promote investment opportunities in
20030228,claim nt hospital emergency staff at breaking point
20030228,claims room for improvement in indonesian stock
20030228,clavet to call it quits
20030228,coalition planes bomb iraq no fly zones
20030228,coalition slams delay of waterfall disaster inquiry
20030228,company pushes on with gold mining project
20030228,coraki evans head make room for mobile phone towers
20030228,costello willing to tighten executive payouts
20030228,councillors protest iraq motion
20030228,council rejects proposed walkway designs
20030228,council rules out renaming cureton ave
20030228,council welcomes signage decision
20030228,cox celebrates 10000 first class runs
20030228,cyclone nears wa coast but carries little danger
20030228,dali graphics drenched in uk gallery flooding
20030228,davies holds aus open lead
20030228,davies leads oz open
20030228,disaster strikes team nz again
20030228,drought brings a positive for olive industry
20030228,drought taking toll on nurseries
20030228,eagles crows clash for semi final spot
20030228,entally house creates national trust divisions
20030228,environment group questions tugun bypass plan
20030228,eriksson pledges future to england
20030228,e timor indicts security forces militias for
20030228,farmers cant afford raise for low paid
20030228,farmers relieved with rainfall
20030228,farming families to get drought diversion
20030228,filming underway on third potter instalment
20030228,fitzroy river water staff strike
20030228,flash floods hit east gippsland
20030228,flintoff claims england can stop aussies
20030228,flooding cuts roads into halls creek kununurra
20030228,flower and blignaut brighten olonga gloom
20030228,foreign donations ok for brisbane based senate
20030228,former mayor speaks out over mismanagement reports
20030228,fraser shares lead as wind sweeps adelaide course
20030228,fuel prices tipped to jump further
20030228,gardens in the sky wins comp for wtc site
